[
    {"model": "main.category", "pk": 1, "fields": {"name": "Smartphones"}},
    {"model": "main.category", "pk": 2, "fields": {"name": "Audio"}},
    {"model": "main.category", "pk": 3, "fields": {"name": "Laptops"}},
    {"model": "main.category", "pk": 4, "fields": {"name": "Accessories"}},
    {
        "model": "admin.logentry",
        "pk": 1,
        "fields": {
            "action_time": "2025-06-16T15:02:15.491Z",
            "user": 1,
            "content_type": 10,
            "object_id": "1",
            "object_repr": "Banner object (1)",
            "action_flag": 1,
            "change_message": "[{\"added\": {}}]"
        }
    },
    {
        "model": "admin.logentry",
        "pk": 2,
        "fields": {
            "action_time": "2025-06-16T15:13:40.406Z",
            "user": 1,
            "content_type": 13,
            "object_id": "3",
            "object_repr": "google.com",
            "action_flag": 1,
            "change_message": "[{\"added\": {}}]"
        }
    },
    {
        "model": "admin.logentry",
        "pk": 3,
        "fields": {
            "action_time": "2025-06-16T15:17:33.405Z",
            "user": 1,
            "content_type": 17,
            "object_id": "1",
            "object_repr": "google",
            "action_flag": 1,
            "change_message": "[{\"added\": {}}]"
        }
    },
    {
        "model": "admin.logentry",
        "pk": 4,
        "fields": {
            "action_time": "2025-06-16T15:20:11.184Z",
            "user": 1,
            "content_type": 13,
            "object_id": "3",
            "object_repr": "127.0.0.1:8000",
            "action_flag": 2,
            "change_message": "[{\"changed\": {\"fields\": [\"Domain name\", \"Display name\"]}}]"
        }
    },
    {
        "model": "admin.logentry",
        "pk": 5,
        "fields": {
            "action_time": "2025-06-16T15:23:49.953Z",
            "user": 1,
            "content_type": 13,
            "object_id": "4",
            "object_repr": "shopmax-render.onrender.com",
            "action_flag": 1,
            "change_message": "[{\"added\": {}}]"
        }
    },
    {
        "model": "admin.logentry",
        "pk": 6,
        "fields": {
            "action_time": "2025-06-16T15:24:11.951Z",
            "user": 1,
            "content_type": 17,
            "object_id": "1",
            "object_repr": "google",
            "action_flag": 2,
            "change_message": "[{\"changed\": {\"fields\": [\"Sites\"]}}]"
        }
    },
    {
        "model": "admin.logentry",
        "pk": 7,
        "fields": {
            "action_time": "2025-07-17T13:31:15.242Z",
            "user": 8,
            "content_type": 4,
            "object_id": "7",
            "object_repr": "aaa",
            "action_flag": 3,
            "change_message": ""
        }
    },
    {
        "model": "admin.logentry",
        "pk": 8,
        "fields": {
            "action_time": "2025-07-17T13:31:15.334Z",
            "user": 8,
            "content_type": 4,
            "object_id": "6",
            "object_repr": "sr",
            "action_flag": 3,
            "change_message": ""
        }
    },
    {
        "model": "admin.logentry",
        "pk": 9,
        "fields": {
            "action_time": "2025-07-17T13:31:15.432Z",
            "user": 8,
            "content_type": 4,
            "object_id": "5",
            "object_repr": "sri",
            "action_flag": 3,
            "change_message": ""
        }
    },
    {
        "model": "auth.user",
        "pk": 1,
        "fields": {
            "password": "pbkdf2_sha256$1000000$AiYoTiSVz44ZMsM5ozQJZs$7DdD/CkZEMr6jYSm7cQm3dKdOOKaAgz6Oc7Z3EPwc5o=",
            "last_login": "2025-07-16T12:39:57.901Z",
            "is_superuser": true,
            "username": "srikanth",
            "first_name": "",
            "last_name": "",
            "email": "",
            "is_staff": true,
            "is_active": true,
            "date_joined": "2025-06-16T14:53:24.995Z",
            "groups": [],
            "user_permissions": []
        }
    },
    {
        "model": "auth.user",
        "pk": 2,
        "fields": {
            "password": "!VGAhh9rpJU3UAEdoje8XghWRXkremPz8v6mzLAdQ",
            "last_login": "2025-06-16T15:26:55.694Z",
            "is_superuser": false,
            "username": "anonymous",
            "first_name": "anonymous",
            "last_name": "",
            "email": "",
            "is_staff": false,
            "is_active": true,
            "date_joined": "2025-06-16T15:26:54.903Z",
            "groups": [],
            "user_permissions": []
        }
    },
    {
        "model": "auth.user",
        "pk": 3,
        "fields": {
            "password": "!UI7OM7SZZKoz32B8etKdwzds1bU1wBQEmZSl4r7R",
            "last_login": "2025-07-19T06:07:23.311Z",
            "is_superuser": false,
            "username": "srikanth2",
            "first_name": "Srikanth",
            "last_name": "S",
            "email": "",
            "is_staff": false,
            "is_active": true,
            "date_joined": "2025-07-16T11:13:02.474Z",
            "groups": [],
            "user_permissions": []
        }
    },
    {
        "model": "auth.user",
        "pk": 4,
        "fields": {
            "password": "pbkdf2_sha256$720000$YZSY99QXRhCcK4vEQJPNKV$e8o+FmVehSj/7SA1AusmQRvjHO3R9L015i1LbRIjbGs=",
            "last_login": null,
            "is_superuser": true,
            "username": "admin",
            "first_name": "",
            "last_name": "",
            "email": "",
            "is_staff": true,
            "is_active": true,
            "date_joined": "2025-07-16T14:06:38.545Z",
            "groups": [],
            "user_permissions": []
        }
    },
    {
        "model": "auth.user",
        "pk": 8,
        "fields": {
            "password": "pbkdf2_sha256$720000$FNetYBDlZkGL1TEXYODUEs$T2rUmez8doXbTF3cDlMS8mq30obW1KarS7MQm1Go9Mc=",
            "last_login": "2025-07-17T13:30:25.309Z",
            "is_superuser": true,
            "username": "bbb",
            "first_name": "",
            "last_name": "",
            "email": "",
            "is_staff": true,
            "is_active": true,
            "date_joined": "2025-07-16T14:19:05.803Z",
            "groups": [],
            "user_permissions": []
        }
    },
    {
        "model": "auth.user",
        "pk": 9,
        "fields": {
            "password": "!ts6B4wUhMAB7WgSOpYeYpMAHO31t0jGeOpM9jFdB",
            "last_login": "2025-07-17T13:32:37.378Z",
            "is_superuser": false,
            "username": "srikanth1",
            "first_name": "SRIKANTH",
            "last_name": "S",
            "email": "srikanths.mca24@rvce.edu.in",
            "is_staff": false,
            "is_active": true,
            "date_joined": "2025-07-16T16:19:16.236Z",
            "groups": [],
            "user_permissions": []
        }
    },
    {
        "model": "auth.user",
        "pk": 10,
        "fields": {
            "password": "!KsHNqULVD3FB9w2ArBhr34VVZwDeUr4UPtb4i98j",
            "last_login": "2025-07-19T16:43:37.234Z",
            "is_superuser": false,
            "username": "srikanth0",
            "first_name": "Srikanth",
            "last_name": "",
            "email": "srikanththebillionaire@gmail.com",
            "is_staff": false,
            "is_active": true,
            "date_joined": "2025-07-19T16:43:19.052Z",
            "groups": [],
            "user_permissions": []
        }
    },
    {
        "model": "main.product",
        "pk": 4,
        "fields": {
            "name": "Oneplus 10 pro",
            "mrp": "100000.00",
            "price": "80000.00",
            "Category": 1,
            "description1": "8GB/126GB",
            "description2": "6.7-inch Fluid AMOLED  curved display",
            "description3": "50MP Triple Rear Camera and 32MP Front Selfie Camera",
            "description4": "Li-Po 5000mAh non-removable 80W SuperVOOC fast charging battery capacity.",
            "description5": "Snapdragon 888",
            "mainDescription": "Buy OnePlus 10 Pro 5G online price in India. The OnePlus 10 Pro 5G  has a 6.7-inch Fluid AMOLED  curved display. OnePlus 10 Pro 5G has 8GB RAM |128GB ROM storage with Android 12, OxygenOS 12.1. The OnePlus 10 Pro 5G has a 50MP Triple Rear Camera and 32MP Front Selfie Camera with a Li-Po 5000mAh non-removable 80W SuperVOOC fast charging battery capacity. The OnePlus 10 Pro 5G has a two-color Emerald Forest, and Volcanic Black two-color option available. OnePlus 10 Pro 5G is an excellent option for users who are looking for a fancy and luxury smartphone. The Oneplus smartphones are high-quality at a sales price. The smartphone comes with excellent performance at a budget-friendly price.",
            "images1": "products/OnePlus-10-Pro-Now-Available_e72f179a-8d2a-4b63-9950-740818901db3.webp",
            "images2": "products/-original-imagdhvtgagx4mgj.webp",
            "images3": "products/-original-imagdhvtghcpqb6g.webp",
            "images4": "products/-original-imagdhvtjkha293f.jpeg"
        }
    },
    {
        "model": "main.product",
        "pk": 5,
        "fields": {
            "name": "Iphone 15",
            "mrp": "79990.00",
            "price": "71900.00",
            "Category": 1,
            "description1": "126",
            "description2": "Super Retina XDR 15.54cm/6.1",
            "description3": "12",
            "description4": "5000",
            "description5": "A15",
            "mainDescription": "Super Retina XDR display15.54 cm / 6.1″ (diagonal)all‑screen OLED display2556x1179-pixel resolution at 460 ppiThe iPhone 15 display has rounded corners that follows a beautiful curved design, and these corners are within a standard rectangle. When measured as a standard rectangular shape, the screen is 15.54 cm (6.12″) diagonally (actual viewable area is less).",
            "images1": "products/-original-imagtc6fhhtqjnr9.jpeg",
            "images2": "products/WhatsApp_Image_2024-07-06_at_15.04.48.jpeg",
            "images3": "products/WhatsApp_Image_2024-07-06_at_15.04.50.jpeg",
            "images4": "products/WhatsApp_Image_2024-07-06_at_15.04.50_1.jpeg"
        }
    },
    {
        "model": "main.product",
        "pk": 6,
        "fields": {
            "name": "Samsung S24 Ultra 5G",
            "mrp": "144999.00",
            "price": "139999.00",
            "Category": 1,
            "description1": "12 GB RAM | 512 GB ROM",
            "description2": "17.27 cm (6.8 inch) Quad HD+ Display",
            "description3": "200MP + 50MP + 12MP + 10MP | 12MP Front Camera",
            "description4": "5000 mAh Battery",
            "description5": "Snapdragon 8 Gen 3 Processor",
            "mainDescription": "Behold the Samsung Galaxy S24 Ultra smartphone, an exceptional amalgamation of incredible technology and superior sophistication. Whether you're typing up a storm or jotting something down, Note Assist makes a long story short. New AI-powered editing options let you get the photo you want, like relocating objects and intelligently filling in the space they left behind. With a durable shield of titanium built right into the frame and better scratch resistance with Corning Gorilla Armor, your IP68 water and dust-resistant Galaxy S24 Ultra is ready for adventure. Write, tap, and navigate with the precision your fingers wish they had on the new, flat display.",
            "images1": "products/-original-imahfu766ybd5h4z.webp",
            "images2": "products/-original-imagx9eghmmcbpup.webp",
            "images3": "products/-original-imagx9pf7dd5ny7n.webp",
            "images4": "products/-original-imagx9pfuguwhfhe.webp"
        }
    },
    {
        "model": "main.product",
        "pk": 7,
        "fields": {
            "name": "Apple iPhone 15 Pro Max",
            "mrp": "159900.00",
            "price": "139990.00",
            "Category": 1,
            "description1": "256 GB ROM",
            "description2": "17.02 cm (6.7 inch) Super Retina XDR Display",
            "description3": "48MP + 12MP + 12MP | 12MP Front Camera",
            "description4": "4441mAh",
            "description5": "A17 Pro Chip, 6 Core Processor Processor",
            "mainDescription": "iPhone 15 Pro Max, a titanium marvel, boasts an aerospace-grade build, making it the lightest Pro model ever. The A17 Pro Chip marks a historic leap in Apple GPUs, delivering unparalleled graphics performance and immersive gaming experiences. The camera system shines with a 48 MP Main camera, offering remarkable detail and automatic portrait enhancements. Convenience is key with the Action button for quick tasks and Focus filters. Plus, it's USB 3 compatible, revolutionizing data transfer speeds. This iPhone even shares its charging cable with your Mac or iPad. Embrace innovation, cut cable clutter, and elevate your mobile experience with the iPhone 15 Pro Max.",
            "images1": "products/-original-imagtc3k6zztrhnb.webp",
            "images2": "products/-original-imagtc3kfrghczmq.webp",
            "images3": "products/-original-imagtc3kugbc22hu.webp",
            "images4": "products/-original-imagtc3kkzh3yf2x.webp"
        }
    },
    {
        "model": "main.product",
        "pk": 9,
        "fields": {
            "name": "Nothing Phone (2a) 5G",
            "mrp": "27999.00",
            "price": "25999.00",
            "Category": 1,
            "description1": "8 GB RAM | 256 GB ROM",
            "description2": "17.02 cm (6.7 inch) Full HD+ Display",
            "description3": "50MP (OIS) + 50MP | 32MP Front Camera",
            "description4": "5000 mAh Battery",
            "description5": "Dimensity 7200 Pro Processor",
            "mainDescription": "Phone (2a) is fuelled by the custom Dimesity 7200 Pro chipset. Co-engineered between Nothing and MediaTek to deliver the best performance with optimal power consumption. Do more whilst using less thanks to game-changing efficiency from the 8-core 4nm TSMC 2nd Generation process, with clocking speeds of up to 2.8 GHz for multi-tasking to the max. Plus get up to 20 GB RAM with 8 GB RAM Booster.",
            "images1": "products/-original-imagz7f9hzrahd2z.webp",
            "images2": "products/-original-imagz7f99kwfqcrd.webp",
            "images3": "products/-original-imagz7f9qrr58nt8.webp",
            "images4": "products/-original-imagz7f9mjtnhswa.webp"
        }
    },
    {
        "model": "main.product",
        "pk": 10,
        "fields": {
            "name": "OnePlus 11R 5G",
            "mrp": "44999.00",
            "price": "38990.00",
            "Category": 1,
            "description1": "16 GB RAM | 256 GB ROM",
            "description2": "17.02 cm (6.7 inch) Display",
            "description3": "50MP Rear Camera",
            "description4": "5000 mAh Battery",
            "description5": "Snapdragon 8+ Gen 1",
            "mainDescription": "Camera: Sensor: 50MP Main Camera with Sony IMX890 (OIS supported), 8MP Ultrawide Camera (FOV: 120 degree) and Macro Lens; 16MP Front (Selfie) Camera with EIS support.\r\nCamera Modes: Nightscape, Ultra HDR, Smart Scene Recognition, Portrait Mode, Pro Mode, Panorama, Tilt-Shift mode, Long Exposure, Dual-View Video, Retouch, Movie Mode, Raw file, Filters, Super Stable, Video Nightscape, Video HDR, Video Portrait, Focus Tracking, Timelapse, Macro mode\r\nDisplay: 6.7 Inches; 120 Hz Super Fluid AMOLED; Resolution: 2772 X 1240 pixels ,450 ppi, 20.1:9, 10-bit Color Depth, HDR10+\r\nOperating System: OxygenOS based on Android 13\r\nProcessor: Snapdragon 8+ Gen 1 Mobile Platform",
            "images1": "products/11r-5g-5011102525-oneplus-original-imagn3afeqfr6acy.webp",
            "images2": "products/11r-5g-5011102525-oneplus-original-imagn3afr52an2eq.webp",
            "images3": "products/11r-5g-5011102525-oneplus-original-imagn3afdzrxkjf2.webp",
            "images4": "products/11r-5g-5011102525-oneplus-original-imagn3afhvqpgbgg.webp"
        }
    },
    {
        "model": "main.product",
        "pk": 11,
        "fields": {
            "name": "Apple AirPods Pro (2nd generation)",
            "mrp": "24900.00",
            "price": "23990.00",
            "Category": 2,
            "description1": "With Mic:Yes",
            "description2": "Apple-designed H2 chip, the force behind AirPods Pro, pushes advanced audio performance even further",
            "description3": "Low-distortion, custom-built driver and amplifier deliver crisp",
            "description4": "clear high notes and deep, rich bass in stunning definition.",
            "description5": "Up to 2x more Active Noise Cancellation than the previous-generation AirPods Pro, so you,ll hear dra",
            "mainDescription": "AirPods Pro (2nd generation) with USB-C deliver up to 2x more Active Noise Cancellation than the previous generation, with Transparency mode that enables you to hear the world around you, and all-new Adaptive Audio that dynamically tailors noise control to your environment. Conversation Awareness helps lower media volume and enhance the voices in front of you while you're interacting with others. A single charge delivers up to 6 hours of battery life. And Touch control lets you easily adjust volume with a swipe. The MagSafe Charging Case is a marvel on its own with Precision Finding, built-in speaker and lanyard loop.",
            "images1": "products/-original-imagtc44nk4b3hfg.webp",
            "images2": "products/-original-imagtc44zcupzhqh.webp",
            "images3": "products/-original-imagtcfghamt7x4z.webp",
            "images4": "products/-original-imagtdqgnhzehtgm.webp"
        }
    },
    {
        "model": "main.product",
        "pk": 12,
        "fields": {
            "name": "Apple 2020 Macbook Air Apple M1",
            "mrp": "89900.00",
            "price": "71990.00",
            "Category": 3,
            "description1": "8 GB/SSD/256 GB SSD",
            "description2": "13.3 inch Quad LED Backlit IPS Display (227 PPI, 400 nits Brightness, Wide Colour (P3), True Tone Te",
            "description3": "720p FaceTime HD Webcam",
            "description4": "Upto 15 Hours",
            "description5": "M1",
            "mainDescription": "This Apple Macbook is powered by the Apple M1 chip and is easily portable so that you can carry it with you anywhere you want. This thin and light notebook is equipped with an 8-core CPU to handle all your tasks more efficiently. The 8-core GPU of this notebook takes graphic-intensive games and apps to a whole new level. It also comes with a 16-core Neural Engine to do machine learning tasks more effectively. Its fan-less design offers silent operations and has a long-lasting battery life which can last up to 18 hours on a single charge.",
            "images1": "products/apple-macbook-air-m1-13-3-inch-lightwings-original-imag3gh5xftgbpg3.webp",
            "images2": "products/na-thin-and-light-laptop-apple-original-imag5jt7zpmhsrpm.webp",
            "images3": "products/na-thin-and-light-laptop-apple-original-imag5jt7fx4gfun4.webp",
            "images4": "products/na-thin-and-light-laptop-apple-original-imag5jt7khzzmh4w.webp"
        }
    },
    {
        "model": "main.product",
        "pk": 13,
        "fields": {
            "name": "Apple 2023 Macbook Air Apple M2",
            "mrp": "144990.00",
            "price": "141390.00",
            "Category": 3,
            "description1": "8 GB/SSD/512 GB SSD",
            "description2": "15.3 Inch Liquid Retina display, LED-backlit display with IPS technology, 500 nits brightness, Wide",
            "description3": "1080p FaceTime HD camera",
            "description4": "66.5 Watt Hour Lithium Polymer Battery",
            "description5": "M2",
            "mainDescription": "STRIKINGLY THIN DESIGN – The redesigned MacBook Air is more portable than ever and weighs just 1.24 kg (2.7 pounds). It's the ultra-capable laptop that lets you work, play or create just about anything — anywhere.\r\nSUPERCHARGED BY M2 – Get more done faster with a next-generation 8-core CPU, up to 10-core GPU and up to 24GB of unified memory.\r\nUP TO 18 HOURS OF BATTERY LIFE – Go all day and into the night, thanks to the power-efficient performance of the Apple M2 chip.\r\nBIG, BEAUTIFUL DISPLAY – The 34.46-centimetre (13.6-inch) Liquid Retina display features over 500 nits of brightness, P3 wide colour and support for one billion colours for vibrant images and incredible detail.",
            "images1": "products/macbook-air-thin-and-light-laptop-apple-original-imagqaphwbzpgjzr.webp",
            "images2": "products/macbook-air-thin-and-light-laptop-apple-original-imagqapkkyvrxfqp.webp",
            "images3": "products/macbook-air-thin-and-light-laptop-apple-original-imagqaphyqhzcvfe.webp",
            "images4": "products/macbook-air-thin-and-light-laptop-apple-original-imagqaph4whnmeq4.webp"
        }
    },
    {
        "model": "main.product",
        "pk": 14,
        "fields": {
            "name": "Apple 2023 MacBook Pro",
            "mrp": "169900.00",
            "price": "159790.00",
            "Category": 3,
            "description1": "8 GB/SSD/512 GB SSD",
            "description2": "XDR (Extreme Dynamic Range)",
            "description3": "1080p FaceTime HD camera",
            "description4": "Upto 22 Hours",
            "description5": "M3",
            "mainDescription": "Apple M3 chip\r\nM3 brings serious speed and capability to blaze through everyday activities, multitask across apps and video calls, and handle elaborate content in pro apps and games\r\n\r\nRun multiple apps, speed through thousands of photos\r\nEffortlessly edit 4K video\r\nConfigure with up to 24GB unified memory\r\nSupports one external display",
            "images1": "products/-original-imaguw3hswqadydy.webp",
            "images2": "products/-original-imaguw3hupbpsr3g.webp",
            "images3": "products/-original-imaguw3hanhja4wu.webp",
            "images4": "products/-original-imaguw3hznfjz2dx.webp"
        }
    },
    {
        "model": "main.product",
        "pk": 15,
        "fields": {
            "name": "Apple 96 W Multiport Mobile Charger with Detachable Cable  (White)",
            "mrp": "7500.00",
            "price": "7500.00",
            "Category": 4,
            "description1": "1 USB C Power Adapter",
            "description2": "Type C",
            "description3": "With Dual USB Ports",
            "description4": "apple 95W",
            "description5": "Wall Charger",
            "mainDescription": "Apple charger\r\nApple 96 W Multiport Mobile Charger with Detachable Cable  (White)",
            "images1": "products/mx0j2hn-a-apple-original-imagnqguhgdthhgx.webp",
            "images2": "products/mx0j2hn-a-apple-original-imagnqguahp2ggvr.webp",
            "images3": "products/mx0j2hn-a-apple-original-imagnqgu7fgywft3.webp",
            "images4": "products/mx0j2hn-a-apple-original-imagnqguhgdthhgx_2bes1PB.webp"
        }
    },
    {
        "model": "main.product",
        "pk": 16,
        "fields": {
            "name": "realme Buds T110",
            "mrp": "2999.00",
            "price": "1499.00",
            "Category": 2,
            "description1": "With Mic:Yes",
            "description2": "Bluetooth version: 5.4",
            "description3": "Battery life: 38 hrs",
            "description4": "10mm Dynamic Bass Driver",
            "description5": "38 Hours Total Playback Fast Charge(10 mins Charge for 120 Mins Playback) Deep Bass with Volume Boos",
            "mainDescription": "Introducing the realme Buds T110, designed to provide an immersive music and gaming experience,with 10 MM Dynamic Boost Drivers to deliver powerful and dynamic sound to enhance your listening experience & low latency of 88ms for smooth and lag-free audio while gaming or watching videos.Equipped with The Environmental Noise Cancellation (ENC) feature helps in reducing background noise during calls, ensuring clearer and better call quality, Bluetooth version 5.4 ensures stable and reliable connectivity with your devices. The IPX5 rating makes the realme Buds T110 resistant to water and sweat, making them suitable for workouts and outdoor activities. Super Fast 10 Min Charge for 120 Min Play Time: With just a 10-minute charge, you can enjoy up to 120 minutes of playback time, ensuring you have music whenever you need it. Together all these features make the realme Buds T110 a great choice for those looking for a versatile and high-performance pair of earbuds for both music and gaming",
            "images1": "products/-original-imahy3uqdmgx6qey.webp",
            "images2": "products/-original-imahyhdhygfugcpc.webp",
            "images3": "products/-original-imahyhdhnqbrqrdr.webp",
            "images4": "products/-original-imahy3uq8jjfc3yf.webp"
        }
    },
    {
        "model": "main.product",
        "pk": 17,
        "fields": {
            "name": "NIKON AF-S NIKKOR",
            "mrp": "18000.00",
            "price": "14990.00",
            "Category": 4,
            "description1": "Lens Mount: AF-S",
            "description2": "Designed For: D3500,D5600,D7500,D850,D750,D780",
            "description3": "Focal Length: 90 mm",
            "description4": "Lens Type: Standard",
            "description5": "Suitable For: Journalism",
            "mainDescription": "The AF-S NIKKOR 50mm f/1.8G with a field of view that approximates the human eye excels at portraiture, travel, landscapes, event photography and more. This prime lens features innovative optical elements and a wide f/1.8 aperture for lifelike images, smooth background defocusing and superior low-light performance. Compact and lightweight, this lens is the ideal travel companion.",
            "images1": "products/nikon-standard-af-s-nikkor-50mm-f-1-8g-original-imady4t42jpv9tvt.webp",
            "images2": "products/nikon-standard-af-s-nikkor-50mm-f-1-8g-original-imady4t4vdstysyp.webp",
            "images3": "products/nikon-standard-af-s-nikkor-50mm-f-1-8g-original-imady4t4kraujzaf.webp",
            "images4": "products/What-is-Wildlife-Photography.webp"
        }
    },
    {
        "model": "main.product",
        "pk": 18,
        "fields": {
            "name": "Nothing CMF",
            "mrp": "20000.00",
            "price": "15000.00",
            "Category": 1,
            "description1": "8GB",
            "description2": "AMOLEE",
            "description3": "50MP 48MP",
            "description4": "500mah",
            "description5": "snapdragon 888",
            "mainDescription": "Nothing CMF is a new Mobile phone launching on 8 July 2024",
            "images1": "products/-original-imagx9pfuguwhfhe_tA4iKpg.webp",
            "images2": "products/-original-imahfu766ybd5h4z_XzsPkyE.webp",
            "images3": "products/-original-imagx9pf7dd5ny7n_QlHVpJk.webp",
            "images4": "products/-original-imagx9egkfqux8qh.webp"
        }
    },
    {
        "model": "main.cartactivity",
        "pk": 1,
        "fields": {
            "product": 4,
            "added_at": "2025-07-20T08:58:08.491Z"
        }
    },
    {
        "model": "main.cartactivity",
        "pk": 2,
        "fields": {
            "product": 4,
            "added_at": "2025-07-20T08:58:08.561Z"
        }
    },
    {
        "model": "main.cartactivity",
        "pk": 3,
        "fields": {
            "product": 9,
            "added_at": "2025-07-20T08:58:08.621Z"
        }
    },
    {
        "model": "main.cartactivity",
        "pk": 4,
        "fields": {
            "product": 4,
            "added_at": "2025-07-20T08:58:08.689Z"
        }
    },
    {
        "model": "main.cartactivity",
        "pk": 5,
        "fields": {
            "product": 13,
            "added_at": "2025-07-20T08:58:08.753Z"
        }
    },
    {
        "model": "main.cartactivity",
        "pk": 6,
        "fields": {
            "product": 6,
            "added_at": "2025-07-20T08:58:08.829Z"
        }
    },
    {
        "model": "main.cartactivity",
        "pk": 7,
        "fields": {
            "product": 13,
            "added_at": "2025-07-20T08:58:08.880Z"
        }
    },
    {
        "model": "main.cartactivity",
        "pk": 8,
        "fields": {
            "product": 9,
            "added_at": "2025-07-20T08:58:08.989Z"
        }
    },
    {
        "model": "main.cartactivity",
        "pk": 9,
        "fields": {
            "product": 5,
            "added_at": "2025-07-20T08:58:09.048Z"
        }
    },
    {
        "model": "main.cartactivity",
        "pk": 10,
        "fields": {
            "product": 4,
            "added_at": "2025-07-20T08:58:09.111Z"
        }
    },
    {
        "model": "main.cartactivity",
        "pk": 11,
        "fields": {
            "product": 10,
            "added_at": "2025-07-20T08:58:09.189Z"
        }
    },
    {
        "model": "main.cartactivity",
        "pk": 12,
        "fields": {
            "product": 12,
            "added_at": "2025-07-20T08:58:09.249Z"
        }
    },
    {
        "model": "main.cartactivity",
        "pk": 13,
        "fields": {
            "product": 10,
            "added_at": "2025-07-20T08:58:09.309Z"
        }
    },
    {
        "model": "main.cartactivity",
        "pk": 14,
        "fields": {
            "product": 4,
            "added_at": "2025-07-20T08:58:09.361Z"
        }
    },
    {
        "model": "main.cartactivity",
        "pk": 15,
        "fields": {
            "product": 6,
            "added_at": "2025-07-20T08:58:09.432Z"
        }
    },
    {
        "model": "main.cartactivity",
        "pk": 16,
        "fields": {
            "product": 6,
            "added_at": "2025-07-20T08:58:09.500Z"
        }
    },
    {
        "model": "main.cartactivity",
        "pk": 17,
        "fields": {
            "product": 14,
            "added_at": "2025-07-20T08:58:09.570Z"
        }
    },
    {
        "model": "main.cartactivity",
        "pk": 18,
        "fields": {
            "product": 11,
            "added_at": "2025-07-20T08:58:09.621Z"
        }
    },
    {
        "model": "main.cartactivity",
        "pk": 19,
        "fields": {
            "product": 4,
            "added_at": "2025-07-20T08:58:09.691Z"
        }
    },
    {
        "model": "main.cartactivity",
        "pk": 20,
        "fields": {
            "product": 4,
            "added_at": "2025-07-20T08:58:09.740Z"
        }
    },
    {
        "model": "main.order",
        "pk": 1,
        "fields": {
            "customer": 1,
            "date": "2025-06-16T15:02:49.270Z",
            "address": "Default Address",
            "phone": "0000000000",
            "email": "",
            "status": false,
            "quantity": 1,
            "product": 12
        }
    },
    {
        "model": "main.order",
        "pk": 3,
        "fields": {
            "customer": 3,
            "date": "2025-07-16T12:39:28.067Z",
            "address": "Default Address",
            "phone": "0000000000",
            "email": "",
            "status": false,
            "quantity": 1,
            "product": 13
        }
    },
    {
        "model": "main.order",
        "pk": 4,
        "fields": {
            "customer": 1,
            "date": "2025-07-16T13:25:19.299Z",
            "address": "Default Address",
            "phone": "0000000000",
            "email": "",
            "status": false,
            "quantity": 1,
            "product": 5
        }
    },
    {
        "model": "main.order",
        "pk": 5,
        "fields": {
            "customer": 3,
            "date": "2025-07-16T14:23:05.582Z",
            "address": "Default Address",
            "phone": "0000000000",
            "email": "",
            "status": false,
            "quantity": 1,
            "product": 13
        }
    },
    {
        "model": "main.order",
        "pk": 6,
        "fields": {
            "customer": 3,
            "date": "2025-07-16T14:29:40.234Z",
            "address": "Default Address",
            "phone": "0000000000",
            "email": "",
            "status": false,
            "quantity": 1,
            "product": 13
        }
    },
    {
        "model": "main.order",
        "pk": 7,
        "fields": {
            "customer": 10,
            "date": "2025-07-19T17:04:32.807Z",
            "address": "Default Address",
            "phone": "0000000000",
            "email": "srikanththebillionaire@gmail.com",
            "status": false,
            "quantity": 1,
            "product": 12
        }
    },
    {
        "model": "main.order",
        "pk": 8,
        "fields": {
            "customer": 10,
            "date": "2025-07-19T17:04:32.874Z",
            "address": "Default Address",
            "phone": "0000000000",
            "email": "srikanththebillionaire@gmail.com",
            "status": false,
            "quantity": 1,
            "product": 13
        }
    },
    {
        "model": "main.order",
        "pk": 9,
        "fields": {
            "customer": 1,
            "date": "2025-07-20T08:58:18.206Z",
            "address": "Test Address",
            "phone": "1234567890",
            "email": "test@example.com",
            "status": true,
            "quantity": 1,
            "product": 5
        }
    },
    {
        "model": "main.order",
        "pk": 10,
        "fields": {
            "customer": 1,
            "date": "2025-07-20T08:58:18.277Z",
            "address": "Test Address",
            "phone": "1234567890",
            "email": "test@example.com",
            "status": true,
            "quantity": 1,
            "product": 7
        }
    },
    {
        "model": "main.order",
        "pk": 11,
        "fields": {
            "customer": 4,
            "date": "2025-07-20T08:58:18.340Z",
            "address": "Test Address",
            "phone": "1234567890",
            "email": "test@example.com",
            "status": true,
            "quantity": 1,
            "product": 6
        }
    },
    {
        "model": "main.order",
        "pk": 12,
        "fields": {
            "customer": 1,
            "date": "2025-07-20T08:58:18.392Z",
            "address": "Test Address",
            "phone": "1234567890",
            "email": "test@example.com",
            "status": true,
            "quantity": 1,
            "product": 4
        }
    },
    {
        "model": "main.order",
        "pk": 13,
        "fields": {
            "customer": 2,
            "date": "2025-07-20T08:58:18.460Z",
            "address": "Test Address",
            "phone": "1234567890",
            "email": "test@example.com",
            "status": true,
            "quantity": 1,
            "product": 7
        }
    },
    {
        "model": "main.order",
        "pk": 14,
        "fields": {
            "customer": 1,
            "date": "2025-07-20T08:58:18.511Z",
            "address": "Test Address",
            "phone": "1234567890",
            "email": "test@example.com",
            "status": true,
            "quantity": 1,
            "product": 4
        }
    },
    {
        "model": "main.order",
        "pk": 15,
        "fields": {
            "customer": 1,
            "date": "2025-07-20T08:58:18.568Z",
            "address": "Test Address",
            "phone": "1234567890",
            "email": "test@example.com",
            "status": true,
            "quantity": 1,
            "product": 9
        }
    },
    {
        "model": "main.order",
        "pk": 16,
        "fields": {
            "customer": 2,
            "date": "2025-07-20T08:58:18.628Z",
            "address": "Test Address",
            "phone": "1234567890",
            "email": "test@example.com",
            "status": true,
            "quantity": 1,
            "product": 4
        }
    },
    {
        "model": "main.order",
        "pk": 17,
        "fields": {
            "customer": 4,
            "date": "2025-07-20T08:58:18.691Z",
            "address": "Test Address",
            "phone": "1234567890",
            "email": "test@example.com",
            "status": true,
            "quantity": 1,
            "product": 9
        }
    },
    {
        "model": "main.order",
        "pk": 18,
        "fields": {
            "customer": 1,
            "date": "2025-07-20T08:58:18.759Z",
            "address": "Test Address",
            "phone": "1234567890",
            "email": "test@example.com",
            "status": true,
            "quantity": 1,
            "product": 4
        }
    
    }
]